{"accuracy": [0.007575757801532745, 0.007575757801532745, 0.007575757801532745, 0.007575757801532745, 0.007575757801532745, 0.007575757801532745, 0.007575757801532745, 0.007575757801532745, 0.007575757801532745, 0.007575757801532745], "loss": [2967.948974609375, 2798.9091796875, 2638.464111328125, 2471.88720703125, 2319.0830078125, 2155.86865234375, 1998.8082275390625, 1841.3997802734375, 1695.3153076171875, 1543.7200927734375], "val_accuracy": [0.0, 0.0, 0.0, 0.0, 0.0, 0.0, 0.0, 0.0, 0.0, 0.0], "val_loss": [3863.465576171875, 3639.360107421875, 3419.3564453125, 3203.442138671875, 2986.2802734375, 2771.802978515625, 2559.755615234375, 2355.985595703125, 2158.8779296875, 1965.2137451171875]}